,rep,k,m,n,noise_level,beta,alpha,error,rel_error,loss
0,0,20,128,1024,0.0,0.5,tensor(0.7489),tensor(0.0004),tensor(0.0003),tensor(0.0003)
1,0,20,128,1024,0.0,0.5166666666666667,tensor(0.7670),tensor(0.0004),tensor(0.0002),tensor(0.0003)
2,0,20,128,1024,0.0,0.5333333333333333,tensor(0.7847),tensor(0.0004),tensor(0.0002),tensor(0.0003)
3,0,20,128,1024,0.0,0.55,tensor(0.8019),tensor(0.0005),tensor(0.0003),tensor(0.0003)
4,0,20,128,1024,0.0,0.5666666666666667,tensor(0.8184),tensor(0.0006),tensor(0.0003),tensor(0.0004)
5,0,20,128,1024,0.0,0.5833333333333334,tensor(0.8343),tensor(0.0007),tensor(0.0004),tensor(0.0005)
6,0,20,128,1024,0.0,0.6,tensor(0.8494),tensor(0.0007),tensor(0.0004),tensor(0.0004)
7,0,20,128,1024,0.0,0.6166666666666667,tensor(0.8639),tensor(0.0006),tensor(0.0003),tensor(0.0003)
8,0,20,128,1024,0.0,0.6333333333333333,tensor(0.8775),tensor(0.0007),tensor(0.0004),tensor(0.0004)
9,0,20,128,1024,0.0,0.65,tensor(0.8904),tensor(0.0008),tensor(0.0004),tensor(0.0005)
10,0,20,128,1024,0.0,0.6666666666666666,tensor(0.9025),tensor(0.0009),tensor(0.0005),tensor(0.0005)
11,0,20,128,1024,0.0,0.6833333333333333,tensor(0.9138),tensor(0.0010),tensor(0.0005),tensor(0.0005)
12,0,20,128,1024,0.0,0.7,tensor(0.9244),tensor(0.0011),tensor(0.0006),tensor(0.0005)
13,0,20,128,1024,0.0,0.7166666666666667,tensor(0.9341),tensor(0.0016),tensor(0.0008),tensor(0.0006)
14,0,20,128,1024,0.0,0.7333333333333334,tensor(0.9431),tensor(0.0015),tensor(0.0008),tensor(0.0005)
15,0,20,128,1024,0.0,0.75,tensor(0.9513),tensor(0.0016),tensor(0.0008),tensor(0.0005)
16,0,20,128,1024,0.0,0.7666666666666666,tensor(0.9586),tensor(0.0019),tensor(0.0010),tensor(0.0006)
17,0,20,128,1024,0.0,0.7833333333333333,tensor(0.9653),tensor(0.0025),tensor(0.0013),tensor(0.0007)
18,0,20,128,1024,0.0,0.8,tensor(0.9712),tensor(0.0030),tensor(0.0015),tensor(0.0008)
19,0,20,128,1024,0.0,0.8166666666666667,tensor(0.9765),tensor(0.0040),tensor(0.0020),tensor(0.0009)
20,0,20,128,1024,0.0,0.8333333333333333,tensor(0.9811),tensor(0.0046),tensor(0.0022),tensor(0.0009)
21,0,20,128,1024,0.0,0.85,tensor(0.9852),tensor(0.0048),tensor(0.0023),tensor(0.0009)
22,0,20,128,1024,0.0,0.8666666666666667,tensor(0.9886),tensor(0.0059),tensor(0.0027),tensor(0.0009)
23,0,20,128,1024,0.0,0.8833333333333333,tensor(0.9915),tensor(0.0104),tensor(0.0047),tensor(0.0014)
24,0,20,128,1024,0.0,0.9,tensor(0.9940),tensor(2.4038),tensor(1.0758),tensor(0.8635)
25,0,20,128,1024,0.0,0.9166666666666667,tensor(0.9959),tensor(5.8108),tensor(2.5575),tensor(2.2969)
26,0,20,128,1024,0.0,0.9333333333333333,tensor(0.9975),tensor(4.8380),tensor(2.0938),tensor(2.2869)
27,0,20,128,1024,0.0,0.95,tensor(0.9986),tensor(0.7470),tensor(0.3178),tensor(0.1387)
28,0,20,128,1024,0.0,0.9666666666666667,tensor(0.9994),tensor(2.3428),tensor(0.9801),tensor(0.7887)
29,0,20,128,1024,0.0,0.9833333333333334,tensor(0.9999),tensor(6.7095),tensor(2.7595),tensor(1.3098)
30,0,20,128,1024,0.0,1.0,tensor(1.0000),tensor(1.8904),tensor(0.7643),tensor(0.3396)
31,1,20,128,1024,0.0,0.5,tensor(0.7489),tensor(0.0005),tensor(0.0003),tensor(0.0003)
32,1,20,128,1024,0.0,0.5166666666666667,tensor(0.7670),tensor(0.0005),tensor(0.0003),tensor(0.0003)
33,1,20,128,1024,0.0,0.5333333333333333,tensor(0.7847),tensor(0.0005),tensor(0.0003),tensor(0.0003)
34,1,20,128,1024,0.0,0.55,tensor(0.8019),tensor(0.0005),tensor(0.0003),tensor(0.0003)
35,1,20,128,1024,0.0,0.5666666666666667,tensor(0.8184),tensor(0.0005),tensor(0.0003),tensor(0.0003)
36,1,20,128,1024,0.0,0.5833333333333334,tensor(0.8343),tensor(0.0006),tensor(0.0003),tensor(0.0003)
37,1,20,128,1024,0.0,0.6,tensor(0.8494),tensor(0.0006),tensor(0.0004),tensor(0.0003)
38,1,20,128,1024,0.0,0.6166666666666667,tensor(0.8639),tensor(0.0008),tensor(0.0004),tensor(0.0004)
39,1,20,128,1024,0.0,0.6333333333333333,tensor(0.8775),tensor(0.0006),tensor(0.0004),tensor(0.0003)
40,1,20,128,1024,0.0,0.65,tensor(0.8904),tensor(0.0007),tensor(0.0004),tensor(0.0003)
41,1,20,128,1024,0.0,0.6666666666666666,tensor(0.9025),tensor(0.0010),tensor(0.0006),tensor(0.0004)
42,1,20,128,1024,0.0,0.6833333333333333,tensor(0.9138),tensor(0.0011),tensor(0.0006),tensor(0.0004)
43,1,20,128,1024,0.0,0.7,tensor(0.9244),tensor(0.0012),tensor(0.0007),tensor(0.0004)
44,1,20,128,1024,0.0,0.7166666666666667,tensor(0.9341),tensor(0.0011),tensor(0.0006),tensor(0.0004)
45,1,20,128,1024,0.0,0.7333333333333334,tensor(0.9431),tensor(0.0017),tensor(0.0009),tensor(0.0005)
46,1,20,128,1024,0.0,0.75,tensor(0.9513),tensor(0.0015),tensor(0.0008),tensor(0.0004)
47,1,20,128,1024,0.0,0.7666666666666666,tensor(0.9586),tensor(1.1165),tensor(0.5659),tensor(1.0828)
48,1,20,128,1024,0.0,0.7833333333333333,tensor(0.9653),tensor(3.4758),tensor(1.7367),tensor(1.5333)
49,1,20,128,1024,0.0,0.8,tensor(0.9712),tensor(0.0028),tensor(0.0014),tensor(0.0006)
50,1,20,128,1024,0.0,0.8166666666666667,tensor(0.9765),tensor(0.0038),tensor(0.0019),tensor(0.0007)
51,1,20,128,1024,0.0,0.8333333333333333,tensor(0.9811),tensor(0.0048),tensor(0.0023),tensor(0.0008)
52,1,20,128,1024,0.0,0.85,tensor(0.9852),tensor(4.1352),tensor(1.9436),tensor(1.4100)
53,1,20,128,1024,0.0,0.8666666666666667,tensor(0.9886),tensor(2.8047),tensor(1.2972),tensor(1.4445)
54,1,20,128,1024,0.0,0.8833333333333333,tensor(0.9915),tensor(0.0967),tensor(0.0440),tensor(0.0108)
55,1,20,128,1024,0.0,0.9,tensor(0.9940),tensor(0.3116),tensor(0.1395),tensor(0.1293)
56,1,20,128,1024,0.0,0.9166666666666667,tensor(0.9959),tensor(2.0504),tensor(0.9024),tensor(0.5183)
57,1,20,128,1024,0.0,0.9333333333333333,tensor(0.9975),tensor(2.5094),tensor(1.0861),tensor(0.5135)
58,1,20,128,1024,0.0,0.95,tensor(0.9986),tensor(11.5729),tensor(4.9246),tensor(1.7863)
59,1,20,128,1024,0.0,0.9666666666666667,tensor(0.9994),tensor(0.1333),tensor(0.0558),tensor(0.0038)
60,1,20,128,1024,0.0,0.9833333333333334,tensor(0.9999),tensor(11.4980),tensor(4.7289),tensor(0.6441)
61,1,20,128,1024,0.0,1.0,tensor(1.0000),tensor(2.5864),tensor(1.0457),tensor(0.6028)
62,2,20,128,1024,0.0,0.5,tensor(0.7489),tensor(0.0007),tensor(0.0004),tensor(0.0004)
63,2,20,128,1024,0.0,0.5166666666666667,tensor(0.7670),tensor(0.0007),tensor(0.0004),tensor(0.0003)
64,2,20,128,1024,0.0,0.5333333333333333,tensor(0.7847),tensor(0.0009),tensor(0.0005),tensor(0.0004)
65,2,20,128,1024,0.0,0.55,tensor(0.8019),tensor(0.0010),tensor(0.0006),tensor(0.0004)
66,2,20,128,1024,0.0,0.5666666666666667,tensor(0.8184),tensor(0.0010),tensor(0.0005),tensor(0.0004)
67,2,20,128,1024,0.0,0.5833333333333334,tensor(0.8343),tensor(0.0009),tensor(0.0005),tensor(0.0004)
68,2,20,128,1024,0.0,0.6,tensor(0.8494),tensor(0.0013),tensor(0.0007),tensor(0.0005)
69,2,20,128,1024,0.0,0.6166666666666667,tensor(0.8639),tensor(0.0012),tensor(0.0007),tensor(0.0005)
70,2,20,128,1024,0.0,0.6333333333333333,tensor(0.8775),tensor(0.0014),tensor(0.0008),tensor(0.0005)
71,2,20,128,1024,0.0,0.65,tensor(0.8904),tensor(0.0018),tensor(0.0010),tensor(0.0006)
72,2,20,128,1024,0.0,0.6666666666666666,tensor(0.9025),tensor(0.0018),tensor(0.0010),tensor(0.0006)
73,2,20,128,1024,0.0,0.6833333333333333,tensor(0.9138),tensor(0.0021),tensor(0.0011),tensor(0.0006)
74,2,20,128,1024,0.0,0.7,tensor(0.9244),tensor(0.0024),tensor(0.0013),tensor(0.0007)
75,2,20,128,1024,0.0,0.7166666666666667,tensor(0.9341),tensor(0.0021),tensor(0.0011),tensor(0.0005)
76,2,20,128,1024,0.0,0.7333333333333334,tensor(0.9431),tensor(0.0025),tensor(0.0013),tensor(0.0006)
77,2,20,128,1024,0.0,0.75,tensor(0.9513),tensor(0.0030),tensor(0.0015),tensor(0.0007)
78,2,20,128,1024,0.0,0.7666666666666666,tensor(0.9586),tensor(2.6206),tensor(1.3281),tensor(0.9530)
79,2,20,128,1024,0.0,0.7833333333333333,tensor(0.9653),tensor(2.3532),tensor(1.1757),tensor(0.9394)
80,2,20,128,1024,0.0,0.8,tensor(0.9712),tensor(2.5178),tensor(1.2396),tensor(0.9544)
81,2,20,128,1024,0.0,0.8166666666666667,tensor(0.9765),tensor(2.6682),tensor(1.2940),tensor(0.9770)
82,2,20,128,1024,0.0,0.8333333333333333,tensor(0.9811),tensor(3.4969),tensor(1.6698),tensor(1.0253)
83,2,20,128,1024,0.0,0.85,tensor(0.9852),tensor(0.0097),tensor(0.0046),tensor(0.0012)
84,2,20,128,1024,0.0,0.8666666666666667,tensor(0.9886),tensor(0.4429),tensor(0.2048),tensor(0.1151)
85,2,20,128,1024,0.0,0.8833333333333333,tensor(0.9915),tensor(0.0177),tensor(0.0081),tensor(0.0016)
86,2,20,128,1024,0.0,0.9,tensor(0.9940),tensor(6.6647),tensor(2.9827),tensor(1.0632)
87,2,20,128,1024,0.0,0.9166666666666667,tensor(0.9959),tensor(0.0946),tensor(0.0417),tensor(0.0172)
88,2,20,128,1024,0.0,0.9333333333333333,tensor(0.9975),tensor(0.9193),tensor(0.3979),tensor(0.0557)
89,2,20,128,1024,0.0,0.95,tensor(0.9986),tensor(11.1970),tensor(4.7646),tensor(1.1620)
90,2,20,128,1024,0.0,0.9666666666666667,tensor(0.9994),tensor(28.4846),tensor(11.9166),tensor(1.7459)
91,2,20,128,1024,0.0,0.9833333333333334,tensor(0.9999),tensor(16.1626),tensor(6.6474),tensor(1.2503)
92,2,20,128,1024,0.0,1.0,tensor(1.0000),tensor(2.2471),tensor(0.9085),tensor(1.3716)
93,3,20,128,1024,0.0,0.5,tensor(0.7489),tensor(0.0006),tensor(0.0003),tensor(0.0003)
94,3,20,128,1024,0.0,0.5166666666666667,tensor(0.7670),tensor(0.0005),tensor(0.0003),tensor(0.0003)
95,3,20,128,1024,0.0,0.5333333333333333,tensor(0.7847),tensor(0.0006),tensor(0.0003),tensor(0.0004)
96,3,20,128,1024,0.0,0.55,tensor(0.8019),tensor(0.0007),tensor(0.0004),tensor(0.0004)
97,3,20,128,1024,0.0,0.5666666666666667,tensor(0.8184),tensor(0.0009),tensor(0.0005),tensor(0.0005)
98,3,20,128,1024,0.0,0.5833333333333334,tensor(0.8343),tensor(0.0008),tensor(0.0004),tensor(0.0004)
99,3,20,128,1024,0.0,0.6,tensor(0.8494),tensor(0.0011),tensor(0.0006),tensor(0.0005)
100,3,20,128,1024,0.0,0.6166666666666667,tensor(0.8639),tensor(0.0010),tensor(0.0006),tensor(0.0005)
101,3,20,128,1024,0.0,0.6333333333333333,tensor(0.8775),tensor(0.0009),tensor(0.0005),tensor(0.0004)
102,3,20,128,1024,0.0,0.65,tensor(0.8904),tensor(0.0013),tensor(0.0007),tensor(0.0006)
103,3,20,128,1024,0.0,0.6666666666666666,tensor(0.9025),tensor(0.0013),tensor(0.0007),tensor(0.0006)
104,3,20,128,1024,0.0,0.6833333333333333,tensor(0.9138),tensor(0.0017),tensor(0.0009),tensor(0.0006)
105,3,20,128,1024,0.0,0.7,tensor(0.9244),tensor(0.0018),tensor(0.0009),tensor(0.0005)
106,3,20,128,1024,0.0,0.7166666666666667,tensor(0.9341),tensor(0.0023),tensor(0.0012),tensor(0.0007)
107,3,20,128,1024,0.0,0.7333333333333334,tensor(0.9431),tensor(0.0022),tensor(0.0011),tensor(0.0006)
108,3,20,128,1024,0.0,0.75,tensor(0.9513),tensor(0.0029),tensor(0.0015),tensor(0.0007)
109,3,20,128,1024,0.0,0.7666666666666666,tensor(0.9586),tensor(1.1771),tensor(0.5966),tensor(0.6857)
110,3,20,128,1024,0.0,0.7833333333333333,tensor(0.9653),tensor(0.0035),tensor(0.0018),tensor(0.0009)
111,3,20,128,1024,0.0,0.8,tensor(0.9712),tensor(0.0045),tensor(0.0022),tensor(0.0010)
112,3,20,128,1024,0.0,0.8166666666666667,tensor(0.9765),tensor(1.5026),tensor(0.7287),tensor(0.7314)
113,3,20,128,1024,0.0,0.8333333333333333,tensor(0.9811),tensor(0.3949),tensor(0.1886),tensor(0.0701)
114,3,20,128,1024,0.0,0.85,tensor(0.9852),tensor(0.2101),tensor(0.0987),tensor(0.0311)
115,3,20,128,1024,0.0,0.8666666666666667,tensor(0.9886),tensor(0.0104),tensor(0.0048),tensor(0.0013)
116,3,20,128,1024,0.0,0.8833333333333333,tensor(0.9915),tensor(0.4088),tensor(0.1860),tensor(0.0458)
117,3,20,128,1024,0.0,0.9,tensor(0.9940),tensor(0.0179),tensor(0.0080),tensor(0.0015)
118,3,20,128,1024,0.0,0.9166666666666667,tensor(0.9959),tensor(0.0332),tensor(0.0146),tensor(0.0025)
119,3,20,128,1024,0.0,0.9333333333333333,tensor(0.9975),tensor(0.0459),tensor(0.0198),tensor(0.0030)
120,3,20,128,1024,0.0,0.95,tensor(0.9986),tensor(5.6585),tensor(2.4078),tensor(0.8710)
121,3,20,128,1024,0.0,0.9666666666666667,tensor(0.9994),tensor(7.9383),tensor(3.3210),tensor(0.8962)
122,3,20,128,1024,0.0,0.9833333333333334,tensor(0.9999),tensor(13.5968),tensor(5.5921),tensor(0.9233)
123,3,20,128,1024,0.0,1.0,tensor(1.0000),tensor(3.3336),tensor(1.3479),tensor(0.0807)
124,4,20,128,1024,0.0,0.5,tensor(0.7489),tensor(0.0007),tensor(0.0004),tensor(0.0004)
125,4,20,128,1024,0.0,0.5166666666666667,tensor(0.7670),tensor(0.0006),tensor(0.0004),tensor(0.0004)
126,4,20,128,1024,0.0,0.5333333333333333,tensor(0.7847),tensor(0.0007),tensor(0.0004),tensor(0.0004)
127,4,20,128,1024,0.0,0.55,tensor(0.8019),tensor(0.0008),tensor(0.0004),tensor(0.0004)
128,4,20,128,1024,0.0,0.5666666666666667,tensor(0.8184),tensor(0.0008),tensor(0.0005),tensor(0.0004)
129,4,20,128,1024,0.0,0.5833333333333334,tensor(0.8343),tensor(0.0009),tensor(0.0005),tensor(0.0004)
130,4,20,128,1024,0.0,0.6,tensor(0.8494),tensor(0.0010),tensor(0.0005),tensor(0.0005)
131,4,20,128,1024,0.0,0.6166666666666667,tensor(0.8639),tensor(0.0008),tensor(0.0004),tensor(0.0004)
132,4,20,128,1024,0.0,0.6333333333333333,tensor(0.8775),tensor(0.0011),tensor(0.0006),tensor(0.0004)
133,4,20,128,1024,0.0,0.65,tensor(0.8904),tensor(0.0011),tensor(0.0006),tensor(0.0004)
134,4,20,128,1024,0.0,0.6666666666666666,tensor(0.9025),tensor(0.0014),tensor(0.0008),tensor(0.0005)
135,4,20,128,1024,0.0,0.6833333333333333,tensor(0.9138),tensor(0.0014),tensor(0.0007),tensor(0.0005)
136,4,20,128,1024,0.0,0.7,tensor(0.9244),tensor(0.0016),tensor(0.0008),tensor(0.0005)
137,4,20,128,1024,0.0,0.7166666666666667,tensor(0.9341),tensor(0.0019),tensor(0.0010),tensor(0.0006)
138,4,20,128,1024,0.0,0.7333333333333334,tensor(0.9431),tensor(0.0021),tensor(0.0011),tensor(0.0006)
139,4,20,128,1024,0.0,0.75,tensor(0.9513),tensor(0.0023),tensor(0.0012),tensor(0.0006)
140,4,20,128,1024,0.0,0.7666666666666666,tensor(0.9586),tensor(0.0023),tensor(0.0012),tensor(0.0006)
141,4,20,128,1024,0.0,0.7833333333333333,tensor(0.9653),tensor(0.0031),tensor(0.0016),tensor(0.0007)
142,4,20,128,1024,0.0,0.8,tensor(0.9712),tensor(1.9171),tensor(0.9439),tensor(1.1217)
143,4,20,128,1024,0.0,0.8166666666666667,tensor(0.9765),tensor(0.0050),tensor(0.0024),tensor(0.0009)
144,4,20,128,1024,0.0,0.8333333333333333,tensor(0.9811),tensor(0.0064),tensor(0.0031),tensor(0.0010)
145,4,20,128,1024,0.0,0.85,tensor(0.9852),tensor(4.9289),tensor(2.3166),tensor(2.7253)
146,4,20,128,1024,0.0,0.8666666666666667,tensor(0.9886),tensor(0.0098),tensor(0.0045),tensor(0.0013)
147,4,20,128,1024,0.0,0.8833333333333333,tensor(0.9915),tensor(0.0110),tensor(0.0050),tensor(0.0012)
148,4,20,128,1024,0.0,0.9,tensor(0.9940),tensor(0.6139),tensor(0.2748),tensor(0.1838)
149,4,20,128,1024,0.0,0.9166666666666667,tensor(0.9959),tensor(0.0868),tensor(0.0382),tensor(0.0068)
150,4,20,128,1024,0.0,0.9333333333333333,tensor(0.9975),tensor(0.0365),tensor(0.0158),tensor(0.0021)
151,4,20,128,1024,0.0,0.95,tensor(0.9986),tensor(1.0918),tensor(0.4646),tensor(0.1952)
152,4,20,128,1024,0.0,0.9666666666666667,tensor(0.9994),tensor(0.1460),tensor(0.0611),tensor(0.0042)
153,4,20,128,1024,0.0,0.9833333333333334,tensor(0.9999),tensor(2.7117),tensor(1.1153),tensor(0.2681)
154,4,20,128,1024,0.0,1.0,tensor(1.0000),tensor(3.4035),tensor(1.3761),tensor(3.2867)
155,5,20,128,1024,0.0,0.5,tensor(0.7489),tensor(0.0005),tensor(0.0003),tensor(0.0003)
156,5,20,128,1024,0.0,0.5166666666666667,tensor(0.7670),tensor(0.0006),tensor(0.0003),tensor(0.0004)
157,5,20,128,1024,0.0,0.5333333333333333,tensor(0.7847),tensor(0.0005),tensor(0.0003),tensor(0.0003)
158,5,20,128,1024,0.0,0.55,tensor(0.8019),tensor(0.0006),tensor(0.0003),tensor(0.0003)
159,5,20,128,1024,0.0,0.5666666666666667,tensor(0.8184),tensor(0.0004),tensor(0.0002),tensor(0.0002)
160,5,20,128,1024,0.0,0.5833333333333334,tensor(0.8343),tensor(0.0008),tensor(0.0004),tensor(0.0004)
161,5,20,128,1024,0.0,0.6,tensor(0.8494),tensor(0.0007),tensor(0.0004),tensor(0.0003)
162,5,20,128,1024,0.0,0.6166666666666667,tensor(0.8639),tensor(0.0007),tensor(0.0004),tensor(0.0003)
163,5,20,128,1024,0.0,0.6333333333333333,tensor(0.8775),tensor(0.0011),tensor(0.0006),tensor(0.0005)
164,5,20,128,1024,0.0,0.65,tensor(0.8904),tensor(0.0009),tensor(0.0005),tensor(0.0004)
165,5,20,128,1024,0.0,0.6666666666666666,tensor(0.9025),tensor(0.0012),tensor(0.0006),tensor(0.0005)
166,5,20,128,1024,0.0,0.6833333333333333,tensor(0.9138),tensor(0.0016),tensor(0.0009),tensor(0.0006)
167,5,20,128,1024,0.0,0.7,tensor(0.9244),tensor(0.0012),tensor(0.0007),tensor(0.0005)
168,5,20,128,1024,0.0,0.7166666666666667,tensor(0.9341),tensor(0.0019),tensor(0.0010),tensor(0.0006)
169,5,20,128,1024,0.0,0.7333333333333334,tensor(0.9431),tensor(0.0015),tensor(0.0008),tensor(0.0005)
170,5,20,128,1024,0.0,0.75,tensor(0.9513),tensor(0.0026),tensor(0.0013),tensor(0.0007)
171,5,20,128,1024,0.0,0.7666666666666666,tensor(0.9586),tensor(0.0022),tensor(0.0011),tensor(0.0006)
172,5,20,128,1024,0.0,0.7833333333333333,tensor(0.9653),tensor(0.0033),tensor(0.0017),tensor(0.0008)
173,5,20,128,1024,0.0,0.8,tensor(0.9712),tensor(0.0035),tensor(0.0017),tensor(0.0008)
174,5,20,128,1024,0.0,0.8166666666666667,tensor(0.9765),tensor(0.0051),tensor(0.0025),tensor(0.0009)
175,5,20,128,1024,0.0,0.8333333333333333,tensor(0.9811),tensor(0.0062),tensor(0.0030),tensor(0.0010)
176,5,20,128,1024,0.0,0.85,tensor(0.9852),tensor(0.4806),tensor(0.2259),tensor(0.2800)
177,5,20,128,1024,0.0,0.8666666666666667,tensor(0.9886),tensor(0.0093),tensor(0.0043),tensor(0.0013)
178,5,20,128,1024,0.0,0.8833333333333333,tensor(0.9915),tensor(0.0084),tensor(0.0038),tensor(0.0009)
179,5,20,128,1024,0.0,0.9,tensor(0.9940),tensor(0.0154),tensor(0.0069),tensor(0.0015)
180,5,20,128,1024,0.0,0.9166666666666667,tensor(0.9959),tensor(0.1161),tensor(0.0511),tensor(0.0096)
181,5,20,128,1024,0.0,0.9333333333333333,tensor(0.9975),tensor(0.0421),tensor(0.0182),tensor(0.0025)
182,5,20,128,1024,0.0,0.95,tensor(0.9986),tensor(0.0625),tensor(0.0266),tensor(0.0030)
183,5,20,128,1024,0.0,0.9666666666666667,tensor(0.9994),tensor(3.3604),tensor(1.4058),tensor(0.3246)
184,5,20,128,1024,0.0,0.9833333333333334,tensor(0.9999),tensor(15.5739),tensor(6.4053),tensor(2.1443)
185,5,20,128,1024,0.0,1.0,tensor(1.0000),tensor(2.8343),tensor(1.1460),tensor(1.3344)
186,6,20,128,1024,0.0,0.5,tensor(0.7489),tensor(0.0004),tensor(0.0002),tensor(0.0003)
187,6,20,128,1024,0.0,0.5166666666666667,tensor(0.7670),tensor(0.0006),tensor(0.0003),tensor(0.0004)
188,6,20,128,1024,0.0,0.5333333333333333,tensor(0.7847),tensor(0.0006),tensor(0.0004),tensor(0.0004)
189,6,20,128,1024,0.0,0.55,tensor(0.8019),tensor(0.0006),tensor(0.0003),tensor(0.0004)
190,6,20,128,1024,0.0,0.5666666666666667,tensor(0.8184),tensor(0.0006),tensor(0.0003),tensor(0.0003)
191,6,20,128,1024,0.0,0.5833333333333334,tensor(0.8343),tensor(0.0007),tensor(0.0004),tensor(0.0004)
192,6,20,128,1024,0.0,0.6,tensor(0.8494),tensor(0.0007),tensor(0.0004),tensor(0.0004)
193,6,20,128,1024,0.0,0.6166666666666667,tensor(0.8639),tensor(0.0008),tensor(0.0004),tensor(0.0004)
194,6,20,128,1024,0.0,0.6333333333333333,tensor(0.8775),tensor(0.0009),tensor(0.0005),tensor(0.0005)
195,6,20,128,1024,0.0,0.65,tensor(0.8904),tensor(0.0010),tensor(0.0005),tensor(0.0004)
196,6,20,128,1024,0.0,0.6666666666666666,tensor(0.9025),tensor(0.9958),tensor(0.5426),tensor(0.9875)
197,6,20,128,1024,0.0,0.6833333333333333,tensor(0.9138),tensor(0.0013),tensor(0.0007),tensor(0.0005)
198,6,20,128,1024,0.0,0.7,tensor(0.9244),tensor(0.0013),tensor(0.0007),tensor(0.0005)
199,6,20,128,1024,0.0,0.7166666666666667,tensor(0.9341),tensor(0.0018),tensor(0.0010),tensor(0.0006)
200,6,20,128,1024,0.0,0.7333333333333334,tensor(0.9431),tensor(0.0019),tensor(0.0010),tensor(0.0006)
201,6,20,128,1024,0.0,0.75,tensor(0.9513),tensor(0.0020),tensor(0.0010),tensor(0.0006)
202,6,20,128,1024,0.0,0.7666666666666666,tensor(0.9586),tensor(0.0025),tensor(0.0013),tensor(0.0007)
203,6,20,128,1024,0.0,0.7833333333333333,tensor(0.9653),tensor(0.9064),tensor(0.4529),tensor(0.7150)
204,6,20,128,1024,0.0,0.8,tensor(0.9712),tensor(0.0039),tensor(0.0019),tensor(0.0008)
205,6,20,128,1024,0.0,0.8166666666666667,tensor(0.9765),tensor(0.0046),tensor(0.0022),tensor(0.0009)
206,6,20,128,1024,0.0,0.8333333333333333,tensor(0.9811),tensor(0.0047),tensor(0.0022),tensor(0.0008)
207,6,20,128,1024,0.0,0.85,tensor(0.9852),tensor(0.0060),tensor(0.0028),tensor(0.0009)
208,6,20,128,1024,0.0,0.8666666666666667,tensor(0.9886),tensor(5.2110),tensor(2.4101),tensor(2.0803)
209,6,20,128,1024,0.0,0.8833333333333333,tensor(0.9915),tensor(5.1017),tensor(2.3213),tensor(2.1922)
210,6,20,128,1024,0.0,0.9,tensor(0.9940),tensor(1.8340),tensor(0.8208),tensor(0.5862)
211,6,20,128,1024,0.0,0.9166666666666667,tensor(0.9959),tensor(2.1911),tensor(0.9644),tensor(0.5946)
212,6,20,128,1024,0.0,0.9333333333333333,tensor(0.9975),tensor(0.0330),tensor(0.0143),tensor(0.0023)
213,6,20,128,1024,0.0,0.95,tensor(0.9986),tensor(17.3980),tensor(7.4033),tensor(2.5002)
214,6,20,128,1024,0.0,0.9666666666666667,tensor(0.9994),tensor(1.1691),tensor(0.4891),tensor(0.1210)
215,6,20,128,1024,0.0,0.9833333333333334,tensor(0.9999),tensor(0.5220),tensor(0.2147),tensor(0.0088)
216,6,20,128,1024,0.0,1.0,tensor(1.0000),tensor(3.6766),tensor(1.4865),tensor(2.2876)
217,7,20,128,1024,0.0,0.5,tensor(0.7489),tensor(0.0004),tensor(0.0002),tensor(0.0003)
218,7,20,128,1024,0.0,0.5166666666666667,tensor(0.7670),tensor(0.0004),tensor(0.0002),tensor(0.0002)
219,7,20,128,1024,0.0,0.5333333333333333,tensor(0.7847),tensor(0.0005),tensor(0.0003),tensor(0.0003)
220,7,20,128,1024,0.0,0.55,tensor(0.8019),tensor(0.0005),tensor(0.0003),tensor(0.0003)
221,7,20,128,1024,0.0,0.5666666666666667,tensor(0.8184),tensor(0.0006),tensor(0.0003),tensor(0.0003)
222,7,20,128,1024,0.0,0.5833333333333334,tensor(0.8343),tensor(0.0007),tensor(0.0004),tensor(0.0003)
223,7,20,128,1024,0.0,0.6,tensor(0.8494),tensor(0.0007),tensor(0.0004),tensor(0.0003)
224,7,20,128,1024,0.0,0.6166666666666667,tensor(0.8639),tensor(0.0005),tensor(0.0003),tensor(0.0002)
225,7,20,128,1024,0.0,0.6333333333333333,tensor(0.8775),tensor(0.0009),tensor(0.0005),tensor(0.0004)
226,7,20,128,1024,0.0,0.65,tensor(0.8904),tensor(0.0009),tensor(0.0005),tensor(0.0004)
227,7,20,128,1024,0.0,0.6666666666666666,tensor(0.9025),tensor(0.0010),tensor(0.0006),tensor(0.0004)
228,7,20,128,1024,0.0,0.6833333333333333,tensor(0.9138),tensor(0.0013),tensor(0.0007),tensor(0.0004)
229,7,20,128,1024,0.0,0.7,tensor(0.9244),tensor(0.0013),tensor(0.0007),tensor(0.0004)
230,7,20,128,1024,0.0,0.7166666666666667,tensor(0.9341),tensor(0.0012),tensor(0.0007),tensor(0.0004)
231,7,20,128,1024,0.0,0.7333333333333334,tensor(0.9431),tensor(0.0016),tensor(0.0009),tensor(0.0004)
232,7,20,128,1024,0.0,0.75,tensor(0.9513),tensor(1.3038),tensor(0.6699),tensor(0.9556)
233,7,20,128,1024,0.0,0.7666666666666666,tensor(0.9586),tensor(1.3538),tensor(0.6861),tensor(1.0112)
234,7,20,128,1024,0.0,0.7833333333333333,tensor(0.9653),tensor(0.0029),tensor(0.0015),tensor(0.0006)
235,7,20,128,1024,0.0,0.8,tensor(0.9712),tensor(0.0034),tensor(0.0017),tensor(0.0006)
236,7,20,128,1024,0.0,0.8166666666666667,tensor(0.9765),tensor(0.0039),tensor(0.0019),tensor(0.0007)
237,7,20,128,1024,0.0,0.8333333333333333,tensor(0.9811),tensor(0.0045),tensor(0.0021),tensor(0.0007)
238,7,20,128,1024,0.0,0.85,tensor(0.9852),tensor(0.0062),tensor(0.0029),tensor(0.0008)
239,7,20,128,1024,0.0,0.8666666666666667,tensor(0.9886),tensor(2.3586),tensor(1.0908),tensor(0.8997)
240,7,20,128,1024,0.0,0.8833333333333333,tensor(0.9915),tensor(0.0105),tensor(0.0048),tensor(0.0011)
241,7,20,128,1024,0.0,0.9,tensor(0.9940),tensor(0.0128),tensor(0.0057),tensor(0.0011)
242,7,20,128,1024,0.0,0.9166666666666667,tensor(0.9959),tensor(0.0256),tensor(0.0113),tensor(0.0017)
243,7,20,128,1024,0.0,0.9333333333333333,tensor(0.9975),tensor(0.0300),tensor(0.0130),tensor(0.0019)
244,7,20,128,1024,0.0,0.95,tensor(0.9986),tensor(4.5252),tensor(1.9256),tensor(0.8484)
245,7,20,128,1024,0.0,0.9666666666666667,tensor(0.9994),tensor(2.5618),tensor(1.0717),tensor(0.0766)
246,7,20,128,1024,0.0,0.9833333333333334,tensor(0.9999),tensor(2.4150),tensor(0.9932),tensor(0.3673)
247,7,20,128,1024,0.0,1.0,tensor(1.0000),tensor(1.2738),tensor(0.5150),tensor(0.0001)
248,8,20,128,1024,0.0,0.5,tensor(0.7489),tensor(0.0003),tensor(0.0001),tensor(0.0002)
249,8,20,128,1024,0.0,0.5166666666666667,tensor(0.7670),tensor(0.0005),tensor(0.0003),tensor(0.0003)
250,8,20,128,1024,0.0,0.5333333333333333,tensor(0.7847),tensor(0.0005),tensor(0.0003),tensor(0.0003)
251,8,20,128,1024,0.0,0.55,tensor(0.8019),tensor(0.0006),tensor(0.0004),tensor(0.0003)
252,8,20,128,1024,0.0,0.5666666666666667,tensor(0.8184),tensor(0.0006),tensor(0.0003),tensor(0.0003)
253,8,20,128,1024,0.0,0.5833333333333334,tensor(0.8343),tensor(0.0006),tensor(0.0003),tensor(0.0003)
254,8,20,128,1024,0.0,0.6,tensor(0.8494),tensor(0.0007),tensor(0.0004),tensor(0.0003)
255,8,20,128,1024,0.0,0.6166666666666667,tensor(0.8639),tensor(0.0007),tensor(0.0004),tensor(0.0003)
256,8,20,128,1024,0.0,0.6333333333333333,tensor(0.8775),tensor(1.6940),tensor(0.9395),tensor(1.4469)
257,8,20,128,1024,0.0,0.65,tensor(0.8904),tensor(0.0009),tensor(0.0005),tensor(0.0004)
258,8,20,128,1024,0.0,0.6666666666666666,tensor(0.9025),tensor(0.0011),tensor(0.0006),tensor(0.0004)
259,8,20,128,1024,0.0,0.6833333333333333,tensor(0.9138),tensor(1.6276),tensor(0.8778),tensor(1.5237)
260,8,20,128,1024,0.0,0.7,tensor(0.9244),tensor(0.0014),tensor(0.0007),tensor(0.0004)
261,8,20,128,1024,0.0,0.7166666666666667,tensor(0.9341),tensor(0.0014),tensor(0.0007),tensor(0.0004)
262,8,20,128,1024,0.0,0.7333333333333334,tensor(0.9431),tensor(0.0017),tensor(0.0009),tensor(0.0005)
263,8,20,128,1024,0.0,0.75,tensor(0.9513),tensor(0.0018),tensor(0.0009),tensor(0.0005)
264,8,20,128,1024,0.0,0.7666666666666666,tensor(0.9586),tensor(0.0028),tensor(0.0014),tensor(0.0006)
265,8,20,128,1024,0.0,0.7833333333333333,tensor(0.9653),tensor(2.0436),tensor(1.0211),tensor(1.7161)
266,8,20,128,1024,0.0,0.8,tensor(0.9712),tensor(0.4815),tensor(0.2370),tensor(0.2868)
267,8,20,128,1024,0.0,0.8166666666666667,tensor(0.9765),tensor(2.8534),tensor(1.3838),tensor(1.7802)
268,8,20,128,1024,0.0,0.8333333333333333,tensor(0.9811),tensor(1.8340),tensor(0.8758),tensor(1.1383)
269,8,20,128,1024,0.0,0.85,tensor(0.9852),tensor(0.0704),tensor(0.0331),tensor(0.0316)
270,8,20,128,1024,0.0,0.8666666666666667,tensor(0.9886),tensor(0.0787),tensor(0.0364),tensor(0.0322)
271,8,20,128,1024,0.0,0.8833333333333333,tensor(0.9915),tensor(1.9696),tensor(0.8962),tensor(1.0269)
272,8,20,128,1024,0.0,0.9,tensor(0.9940),tensor(0.1973),tensor(0.0883),tensor(0.0368)
273,8,20,128,1024,0.0,0.9166666666666667,tensor(0.9959),tensor(3.3298),tensor(1.4656),tensor(1.2298)
274,8,20,128,1024,0.0,0.9333333333333333,tensor(0.9975),tensor(8.5341),tensor(3.6934),tensor(2.1394)
275,8,20,128,1024,0.0,0.95,tensor(0.9986),tensor(0.7156),tensor(0.3045),tensor(0.1145)
276,8,20,128,1024,0.0,0.9666666666666667,tensor(0.9994),tensor(3.1027),tensor(1.2980),tensor(0.3058)
277,8,20,128,1024,0.0,0.9833333333333334,tensor(0.9999),tensor(30.7040),tensor(12.6280),tensor(3.2317)
278,8,20,128,1024,0.0,1.0,tensor(1.0000),tensor(2.3417),tensor(0.9468),tensor(1.0638)
279,9,20,128,1024,0.0,0.5,tensor(0.7489),tensor(0.0006),tensor(0.0003),tensor(0.0003)
280,9,20,128,1024,0.0,0.5166666666666667,tensor(0.7670),tensor(0.0005),tensor(0.0003),tensor(0.0003)
281,9,20,128,1024,0.0,0.5333333333333333,tensor(0.7847),tensor(0.0006),tensor(0.0003),tensor(0.0003)
282,9,20,128,1024,0.0,0.55,tensor(0.8019),tensor(0.0006),tensor(0.0003),tensor(0.0003)
283,9,20,128,1024,0.0,0.5666666666666667,tensor(0.8184),tensor(0.0006),tensor(0.0004),tensor(0.0003)
284,9,20,128,1024,0.0,0.5833333333333334,tensor(0.8343),tensor(0.0009),tensor(0.0005),tensor(0.0004)
285,9,20,128,1024,0.0,0.6,tensor(0.8494),tensor(0.0009),tensor(0.0005),tensor(0.0004)
286,9,20,128,1024,0.0,0.6166666666666667,tensor(0.8639),tensor(0.0010),tensor(0.0006),tensor(0.0004)
287,9,20,128,1024,0.0,0.6333333333333333,tensor(0.8775),tensor(0.0011),tensor(0.0006),tensor(0.0004)
288,9,20,128,1024,0.0,0.65,tensor(0.8904),tensor(0.0009),tensor(0.0005),tensor(0.0003)
289,9,20,128,1024,0.0,0.6666666666666666,tensor(0.9025),tensor(0.0010),tensor(0.0006),tensor(0.0004)
290,9,20,128,1024,0.0,0.6833333333333333,tensor(0.9138),tensor(0.0012),tensor(0.0007),tensor(0.0004)
291,9,20,128,1024,0.0,0.7,tensor(0.9244),tensor(0.0014),tensor(0.0007),tensor(0.0004)
292,9,20,128,1024,0.0,0.7166666666666667,tensor(0.9341),tensor(0.0015),tensor(0.0008),tensor(0.0004)
293,9,20,128,1024,0.0,0.7333333333333334,tensor(0.9431),tensor(0.0020),tensor(0.0010),tensor(0.0006)
294,9,20,128,1024,0.0,0.75,tensor(0.9513),tensor(0.0018),tensor(0.0009),tensor(0.0005)
295,9,20,128,1024,0.0,0.7666666666666666,tensor(0.9586),tensor(0.0031),tensor(0.0016),tensor(0.0007)
296,9,20,128,1024,0.0,0.7833333333333333,tensor(0.9653),tensor(0.0026),tensor(0.0013),tensor(0.0006)
297,9,20,128,1024,0.0,0.8,tensor(0.9712),tensor(0.0033),tensor(0.0016),tensor(0.0006)
298,9,20,128,1024,0.0,0.8166666666666667,tensor(0.9765),tensor(0.0050),tensor(0.0024),tensor(0.0009)
299,9,20,128,1024,0.0,0.8333333333333333,tensor(0.9811),tensor(0.0054),tensor(0.0026),tensor(0.0009)
300,9,20,128,1024,0.0,0.85,tensor(0.9852),tensor(0.7184),tensor(0.3377),tensor(0.1329)
301,9,20,128,1024,0.0,0.8666666666666667,tensor(0.9886),tensor(2.2603),tensor(1.0454),tensor(1.0677)
302,9,20,128,1024,0.0,0.8833333333333333,tensor(0.9915),tensor(0.0140),tensor(0.0064),tensor(0.0014)
303,9,20,128,1024,0.0,0.9,tensor(0.9940),tensor(0.0146),tensor(0.0065),tensor(0.0013)
304,9,20,128,1024,0.0,0.9166666666666667,tensor(0.9959),tensor(0.9043),tensor(0.3980),tensor(0.0742)
305,9,20,128,1024,0.0,0.9333333333333333,tensor(0.9975),tensor(0.7599),tensor(0.3289),tensor(0.0447)
306,9,20,128,1024,0.0,0.95,tensor(0.9986),tensor(0.0743),tensor(0.0316),tensor(0.0029)
307,9,20,128,1024,0.0,0.9666666666666667,tensor(0.9994),tensor(0.8384),tensor(0.3507),tensor(0.0597)
308,9,20,128,1024,0.0,0.9833333333333334,tensor(0.9999),tensor(2.2641),tensor(0.9312),tensor(0.1312)
309,9,20,128,1024,0.0,1.0,tensor(1.0000),tensor(2.3806),tensor(0.9625),tensor(0.1206)
310,10,20,128,1024,0.0,0.5,tensor(0.7489),tensor(0.0007),tensor(0.0004),tensor(0.0004)
311,10,20,128,1024,0.0,0.5166666666666667,tensor(0.7670),tensor(0.0007),tensor(0.0004),tensor(0.0003)
312,10,20,128,1024,0.0,0.5333333333333333,tensor(0.7847),tensor(0.0005),tensor(0.0003),tensor(0.0003)
313,10,20,128,1024,0.0,0.55,tensor(0.8019),tensor(0.0008),tensor(0.0005),tensor(0.0004)
314,10,20,128,1024,0.0,0.5666666666666667,tensor(0.8184),tensor(0.0009),tensor(0.0005),tensor(0.0004)
315,10,20,128,1024,0.0,0.5833333333333334,tensor(0.8343),tensor(0.0011),tensor(0.0006),tensor(0.0005)
316,10,20,128,1024,0.0,0.6,tensor(0.8494),tensor(0.0011),tensor(0.0006),tensor(0.0005)
317,10,20,128,1024,0.0,0.6166666666666667,tensor(0.8639),tensor(0.0011),tensor(0.0006),tensor(0.0005)
318,10,20,128,1024,0.0,0.6333333333333333,tensor(0.8775),tensor(0.0015),tensor(0.0008),tensor(0.0005)
319,10,20,128,1024,0.0,0.65,tensor(0.8904),tensor(0.0016),tensor(0.0009),tensor(0.0005)
320,10,20,128,1024,0.0,0.6666666666666666,tensor(0.9025),tensor(0.0015),tensor(0.0008),tensor(0.0006)
321,10,20,128,1024,0.0,0.6833333333333333,tensor(0.9138),tensor(0.0019),tensor(0.0010),tensor(0.0006)
322,10,20,128,1024,0.0,0.7,tensor(0.9244),tensor(0.0023),tensor(0.0013),tensor(0.0007)
323,10,20,128,1024,0.0,0.7166666666666667,tensor(0.9341),tensor(0.0020),tensor(0.0011),tensor(0.0005)
324,10,20,128,1024,0.0,0.7333333333333334,tensor(0.9431),tensor(0.0024),tensor(0.0012),tensor(0.0007)
325,10,20,128,1024,0.0,0.75,tensor(0.9513),tensor(0.0030),tensor(0.0016),tensor(0.0008)
326,10,20,128,1024,0.0,0.7666666666666666,tensor(0.9586),tensor(0.0039),tensor(0.0020),tensor(0.0008)
327,10,20,128,1024,0.0,0.7833333333333333,tensor(0.9653),tensor(0.0049),tensor(0.0025),tensor(0.0009)
328,10,20,128,1024,0.0,0.8,tensor(0.9712),tensor(0.0051),tensor(0.0025),tensor(0.0009)
329,10,20,128,1024,0.0,0.8166666666666667,tensor(0.9765),tensor(0.0058),tensor(0.0028),tensor(0.0010)
330,10,20,128,1024,0.0,0.8333333333333333,tensor(0.9811),tensor(0.0102),tensor(0.0049),tensor(0.0014)
331,10,20,128,1024,0.0,0.85,tensor(0.9852),tensor(0.0106),tensor(0.0050),tensor(0.0013)
332,10,20,128,1024,0.0,0.8666666666666667,tensor(0.9886),tensor(0.0148),tensor(0.0068),tensor(0.0016)
333,10,20,128,1024,0.0,0.8833333333333333,tensor(0.9915),tensor(1.3343),tensor(0.6071),tensor(0.5417)
334,10,20,128,1024,0.0,0.9,tensor(0.9940),tensor(0.9072),tensor(0.4060),tensor(0.0863)
335,10,20,128,1024,0.0,0.9166666666666667,tensor(0.9959),tensor(0.0323),tensor(0.0142),tensor(0.0025)
336,10,20,128,1024,0.0,0.9333333333333333,tensor(0.9975),tensor(2.4713),tensor(1.0695),tensor(0.7275)
337,10,20,128,1024,0.0,0.95,tensor(0.9986),tensor(3.8567),tensor(1.6411),tensor(0.6560)
338,10,20,128,1024,0.0,0.9666666666666667,tensor(0.9994),tensor(0.1359),tensor(0.0568),tensor(0.0038)
339,10,20,128,1024,0.0,0.9833333333333334,tensor(0.9999),tensor(2.4423),tensor(1.0045),tensor(0.0486)
340,10,20,128,1024,0.0,1.0,tensor(1.0000),tensor(3.9653),tensor(1.6033),tensor(2.1042)
341,11,20,128,1024,0.0,0.5,tensor(0.7489),tensor(0.0006),tensor(0.0003),tensor(0.0004)
342,11,20,128,1024,0.0,0.5166666666666667,tensor(0.7670),tensor(0.0006),tensor(0.0003),tensor(0.0004)
343,11,20,128,1024,0.0,0.5333333333333333,tensor(0.7847),tensor(0.0007),tensor(0.0004),tensor(0.0004)
344,11,20,128,1024,0.0,0.55,tensor(0.8019),tensor(0.0008),tensor(0.0004),tensor(0.0004)
345,11,20,128,1024,0.0,0.5666666666666667,tensor(0.8184),tensor(0.0008),tensor(0.0005),tensor(0.0004)
346,11,20,128,1024,0.0,0.5833333333333334,tensor(0.8343),tensor(0.0008),tensor(0.0004),tensor(0.0004)
347,11,20,128,1024,0.0,0.6,tensor(0.8494),tensor(0.0008),tensor(0.0004),tensor(0.0004)
348,11,20,128,1024,0.0,0.6166666666666667,tensor(0.8639),tensor(0.0011),tensor(0.0006),tensor(0.0005)
349,11,20,128,1024,0.0,0.6333333333333333,tensor(0.8775),tensor(0.0012),tensor(0.0007),tensor(0.0006)
350,11,20,128,1024,0.0,0.65,tensor(0.8904),tensor(0.0014),tensor(0.0007),tensor(0.0005)
351,11,20,128,1024,0.0,0.6666666666666666,tensor(0.9025),tensor(0.0016),tensor(0.0009),tensor(0.0006)
352,11,20,128,1024,0.0,0.6833333333333333,tensor(0.9138),tensor(0.0017),tensor(0.0009),tensor(0.0006)
353,11,20,128,1024,0.0,0.7,tensor(0.9244),tensor(0.0020),tensor(0.0011),tensor(0.0007)
354,11,20,128,1024,0.0,0.7166666666666667,tensor(0.9341),tensor(0.0022),tensor(0.0012),tensor(0.0007)
355,11,20,128,1024,0.0,0.7333333333333334,tensor(0.9431),tensor(0.0019),tensor(0.0010),tensor(0.0005)
356,11,20,128,1024,0.0,0.75,tensor(0.9513),tensor(0.0029),tensor(0.0015),tensor(0.0008)
357,11,20,128,1024,0.0,0.7666666666666666,tensor(0.9586),tensor(0.0038),tensor(0.0019),tensor(0.0009)
358,11,20,128,1024,0.0,0.7833333333333333,tensor(0.9653),tensor(0.0042),tensor(0.0021),tensor(0.0010)
359,11,20,128,1024,0.0,0.8,tensor(0.9712),tensor(0.0050),tensor(0.0025),tensor(0.0011)
360,11,20,128,1024,0.0,0.8166666666666667,tensor(0.9765),tensor(2.4442),tensor(1.1853),tensor(1.2987)
361,11,20,128,1024,0.0,0.8333333333333333,tensor(0.9811),tensor(0.0069),tensor(0.0033),tensor(0.0012)
362,11,20,128,1024,0.0,0.85,tensor(0.9852),tensor(0.0079),tensor(0.0037),tensor(0.0012)
363,11,20,128,1024,0.0,0.8666666666666667,tensor(0.9886),tensor(0.1633),tensor(0.0755),tensor(0.1075)
364,11,20,128,1024,0.0,0.8833333333333333,tensor(0.9915),tensor(0.0111),tensor(0.0051),tensor(0.0013)
365,11,20,128,1024,0.0,0.9,tensor(0.9940),tensor(0.0217),tensor(0.0097),tensor(0.0020)
366,11,20,128,1024,0.0,0.9166666666666667,tensor(0.9959),tensor(4.4855),tensor(1.9742),tensor(1.2327)
367,11,20,128,1024,0.0,0.9333333333333333,tensor(0.9975),tensor(0.3600),tensor(0.1558),tensor(0.1158)
368,11,20,128,1024,0.0,0.95,tensor(0.9986),tensor(1.5655),tensor(0.6662),tensor(0.1998)
369,11,20,128,1024,0.0,0.9666666666666667,tensor(0.9994),tensor(0.1446),tensor(0.0605),tensor(0.0044)
370,11,20,128,1024,0.0,0.9833333333333334,tensor(0.9999),tensor(0.6553),tensor(0.2695),tensor(0.0101)
371,11,20,128,1024,0.0,1.0,tensor(1.0000),tensor(3.1440),tensor(1.2712),tensor(1.7117)
372,12,20,128,1024,0.0,0.5,tensor(0.7489),tensor(0.0005),tensor(0.0003),tensor(0.0003)
373,12,20,128,1024,0.0,0.5166666666666667,tensor(0.7670),tensor(0.0005),tensor(0.0003),tensor(0.0003)
374,12,20,128,1024,0.0,0.5333333333333333,tensor(0.7847),tensor(0.0005),tensor(0.0003),tensor(0.0003)
375,12,20,128,1024,0.0,0.55,tensor(0.8019),tensor(0.0006),tensor(0.0004),tensor(0.0004)
376,12,20,128,1024,0.0,0.5666666666666667,tensor(0.8184),tensor(0.0006),tensor(0.0003),tensor(0.0003)
377,12,20,128,1024,0.0,0.5833333333333334,tensor(0.8343),tensor(0.0007),tensor(0.0004),tensor(0.0004)
378,12,20,128,1024,0.0,0.6,tensor(0.8494),tensor(0.0008),tensor(0.0004),tensor(0.0004)
379,12,20,128,1024,0.0,0.6166666666666667,tensor(0.8639),tensor(0.0008),tensor(0.0004),tensor(0.0004)
380,12,20,128,1024,0.0,0.6333333333333333,tensor(0.8775),tensor(0.0009),tensor(0.0005),tensor(0.0004)
381,12,20,128,1024,0.0,0.65,tensor(0.8904),tensor(0.0010),tensor(0.0006),tensor(0.0004)
382,12,20,128,1024,0.0,0.6666666666666666,tensor(0.9025),tensor(0.0012),tensor(0.0007),tensor(0.0004)
383,12,20,128,1024,0.0,0.6833333333333333,tensor(0.9138),tensor(0.0012),tensor(0.0007),tensor(0.0004)
384,12,20,128,1024,0.0,0.7,tensor(0.9244),tensor(0.0016),tensor(0.0009),tensor(0.0005)
385,12,20,128,1024,0.0,0.7166666666666667,tensor(0.9341),tensor(0.0018),tensor(0.0010),tensor(0.0006)
386,12,20,128,1024,0.0,0.7333333333333334,tensor(0.9431),tensor(0.0021),tensor(0.0011),tensor(0.0006)
387,12,20,128,1024,0.0,0.75,tensor(0.9513),tensor(0.0024),tensor(0.0012),tensor(0.0007)
388,12,20,128,1024,0.0,0.7666666666666666,tensor(0.9586),tensor(0.0023),tensor(0.0012),tensor(0.0007)
389,12,20,128,1024,0.0,0.7833333333333333,tensor(0.9653),tensor(0.0031),tensor(0.0015),tensor(0.0006)
390,12,20,128,1024,0.0,0.8,tensor(0.9712),tensor(0.0037),tensor(0.0018),tensor(0.0008)
391,12,20,128,1024,0.0,0.8166666666666667,tensor(0.9765),tensor(0.0043),tensor(0.0021),tensor(0.0008)
392,12,20,128,1024,0.0,0.8333333333333333,tensor(0.9811),tensor(0.0054),tensor(0.0026),tensor(0.0009)
393,12,20,128,1024,0.0,0.85,tensor(0.9852),tensor(0.0072),tensor(0.0034),tensor(0.0011)
394,12,20,128,1024,0.0,0.8666666666666667,tensor(0.9886),tensor(0.0406),tensor(0.0188),tensor(0.0168)
395,12,20,128,1024,0.0,0.8833333333333333,tensor(0.9915),tensor(3.1975),tensor(1.4549),tensor(1.7320)
396,12,20,128,1024,0.0,0.9,tensor(0.9940),tensor(0.0120),tensor(0.0054),tensor(0.0012)
397,12,20,128,1024,0.0,0.9166666666666667,tensor(0.9959),tensor(7.2212),tensor(3.1783),tensor(2.0242)
398,12,20,128,1024,0.0,0.9333333333333333,tensor(0.9975),tensor(5.5709),tensor(2.4110),tensor(1.5701)
399,12,20,128,1024,0.0,0.95,tensor(0.9986),tensor(0.1480),tensor(0.0630),tensor(0.0186)
400,12,20,128,1024,0.0,0.9666666666666667,tensor(0.9994),tensor(0.3272),tensor(0.1369),tensor(0.0197)
401,12,20,128,1024,0.0,0.9833333333333334,tensor(0.9999),tensor(0.7295),tensor(0.3000),tensor(0.0224)
402,12,20,128,1024,0.0,1.0,tensor(1.0000),tensor(2.4315),tensor(0.9831),tensor(0.9288)
403,13,20,128,1024,0.0,0.5,tensor(0.7489),tensor(0.0006),tensor(0.0003),tensor(0.0003)
404,13,20,128,1024,0.0,0.5166666666666667,tensor(0.7670),tensor(0.0005),tensor(0.0003),tensor(0.0003)
405,13,20,128,1024,0.0,0.5333333333333333,tensor(0.7847),tensor(0.0006),tensor(0.0004),tensor(0.0004)
406,13,20,128,1024,0.0,0.55,tensor(0.8019),tensor(0.0006),tensor(0.0003),tensor(0.0004)
407,13,20,128,1024,0.0,0.5666666666666667,tensor(0.8184),tensor(0.0006),tensor(0.0003),tensor(0.0003)
408,13,20,128,1024,0.0,0.5833333333333334,tensor(0.8343),tensor(0.0009),tensor(0.0005),tensor(0.0005)
409,13,20,128,1024,0.0,0.6,tensor(0.8494),tensor(0.0006),tensor(0.0004),tensor(0.0003)
410,13,20,128,1024,0.0,0.6166666666666667,tensor(0.8639),tensor(0.0010),tensor(0.0006),tensor(0.0005)
411,13,20,128,1024,0.0,0.6333333333333333,tensor(0.8775),tensor(0.0011),tensor(0.0006),tensor(0.0005)
412,13,20,128,1024,0.0,0.65,tensor(0.8904),tensor(0.0013),tensor(0.0007),tensor(0.0005)
413,13,20,128,1024,0.0,0.6666666666666666,tensor(0.9025),tensor(0.0011),tensor(0.0006),tensor(0.0004)
414,13,20,128,1024,0.0,0.6833333333333333,tensor(0.9138),tensor(0.0016),tensor(0.0009),tensor(0.0006)
415,13,20,128,1024,0.0,0.7,tensor(0.9244),tensor(0.0020),tensor(0.0011),tensor(0.0006)
416,13,20,128,1024,0.0,0.7166666666666667,tensor(0.9341),tensor(0.0020),tensor(0.0010),tensor(0.0006)
417,13,20,128,1024,0.0,0.7333333333333334,tensor(0.9431),tensor(0.0022),tensor(0.0012),tensor(0.0006)
418,13,20,128,1024,0.0,0.75,tensor(0.9513),tensor(0.0025),tensor(0.0013),tensor(0.0006)
419,13,20,128,1024,0.0,0.7666666666666666,tensor(0.9586),tensor(0.0036),tensor(0.0018),tensor(0.0008)
420,13,20,128,1024,0.0,0.7833333333333333,tensor(0.9653),tensor(0.0041),tensor(0.0021),tensor(0.0009)
421,13,20,128,1024,0.0,0.8,tensor(0.9712),tensor(0.0045),tensor(0.0022),tensor(0.0009)
422,13,20,128,1024,0.0,0.8166666666666667,tensor(0.9765),tensor(0.0055),tensor(0.0027),tensor(0.0010)
423,13,20,128,1024,0.0,0.8333333333333333,tensor(0.9811),tensor(0.1895),tensor(0.0905),tensor(0.0340)
424,13,20,128,1024,0.0,0.85,tensor(0.9852),tensor(0.0065),tensor(0.0031),tensor(0.0011)
425,13,20,128,1024,0.0,0.8666666666666667,tensor(0.9886),tensor(1.7734),tensor(0.8202),tensor(0.8251)
426,13,20,128,1024,0.0,0.8833333333333333,tensor(0.9915),tensor(0.0624),tensor(0.0284),tensor(0.0073)
427,13,20,128,1024,0.0,0.9,tensor(0.9940),tensor(2.3073),tensor(1.0326),tensor(0.8563)
428,13,20,128,1024,0.0,0.9166666666666667,tensor(0.9959),tensor(2.6587),tensor(1.1702),tensor(0.8698)
429,13,20,128,1024,0.0,0.9333333333333333,tensor(0.9975),tensor(3.3672),tensor(1.4573),tensor(0.8868)
430,13,20,128,1024,0.0,0.95,tensor(0.9986),tensor(4.2931),tensor(1.8268),tensor(0.9045)
431,13,20,128,1024,0.0,0.9666666666666667,tensor(0.9994),tensor(0.1626),tensor(0.0680),tensor(0.0047)
432,13,20,128,1024,0.0,0.9833333333333334,tensor(0.9999),tensor(0.6444),tensor(0.2650),tensor(0.0111)
433,13,20,128,1024,0.0,1.0,tensor(1.0000),tensor(3.2163),tensor(1.3004),tensor(0.0002)
434,14,20,128,1024,0.0,0.5,tensor(0.7489),tensor(0.0007),tensor(0.0004),tensor(0.0004)
435,14,20,128,1024,0.0,0.5166666666666667,tensor(0.7670),tensor(0.0006),tensor(0.0003),tensor(0.0004)
436,14,20,128,1024,0.0,0.5333333333333333,tensor(0.7847),tensor(0.0006),tensor(0.0004),tensor(0.0004)
437,14,20,128,1024,0.0,0.55,tensor(0.8019),tensor(0.0007),tensor(0.0004),tensor(0.0004)
438,14,20,128,1024,0.0,0.5666666666666667,tensor(0.8184),tensor(0.0008),tensor(0.0005),tensor(0.0005)
439,14,20,128,1024,0.0,0.5833333333333334,tensor(0.8343),tensor(0.0006),tensor(0.0003),tensor(0.0003)
440,14,20,128,1024,0.0,0.6,tensor(0.8494),tensor(0.0008),tensor(0.0004),tensor(0.0004)
441,14,20,128,1024,0.0,0.6166666666666667,tensor(0.8639),tensor(0.0011),tensor(0.0006),tensor(0.0005)
442,14,20,128,1024,0.0,0.6333333333333333,tensor(0.8775),tensor(0.0012),tensor(0.0007),tensor(0.0006)
443,14,20,128,1024,0.0,0.65,tensor(0.8904),tensor(0.0011),tensor(0.0006),tensor(0.0005)
444,14,20,128,1024,0.0,0.6666666666666666,tensor(0.9025),tensor(0.0015),tensor(0.0008),tensor(0.0006)
445,14,20,128,1024,0.0,0.6833333333333333,tensor(0.9138),tensor(0.0016),tensor(0.0009),tensor(0.0006)
446,14,20,128,1024,0.0,0.7,tensor(0.9244),tensor(0.0019),tensor(0.0010),tensor(0.0007)
447,14,20,128,1024,0.0,0.7166666666666667,tensor(0.9341),tensor(0.2897),tensor(0.1527),tensor(0.0836)
448,14,20,128,1024,0.0,0.7333333333333334,tensor(0.9431),tensor(0.0022),tensor(0.0011),tensor(0.0007)
449,14,20,128,1024,0.0,0.75,tensor(0.9513),tensor(0.0025),tensor(0.0013),tensor(0.0007)
450,14,20,128,1024,0.0,0.7666666666666666,tensor(0.9586),tensor(0.0030),tensor(0.0015),tensor(0.0008)
451,14,20,128,1024,0.0,0.7833333333333333,tensor(0.9653),tensor(0.0029),tensor(0.0014),tensor(0.0007)
452,14,20,128,1024,0.0,0.8,tensor(0.9712),tensor(0.0047),tensor(0.0023),tensor(0.0010)
453,14,20,128,1024,0.0,0.8166666666666667,tensor(0.9765),tensor(0.0055),tensor(0.0027),tensor(0.0011)
454,14,20,128,1024,0.0,0.8333333333333333,tensor(0.9811),tensor(0.0077),tensor(0.0037),tensor(0.0013)
455,14,20,128,1024,0.0,0.85,tensor(0.9852),tensor(0.0082),tensor(0.0038),tensor(0.0012)
456,14,20,128,1024,0.0,0.8666666666666667,tensor(0.9886),tensor(1.9571),tensor(0.9052),tensor(0.7467)
457,14,20,128,1024,0.0,0.8833333333333333,tensor(0.9915),tensor(0.3843),tensor(0.1749),tensor(0.1203)
458,14,20,128,1024,0.0,0.9,tensor(0.9940),tensor(0.0204),tensor(0.0091),tensor(0.0020)
459,14,20,128,1024,0.0,0.9166666666666667,tensor(0.9959),tensor(0.0266),tensor(0.0117),tensor(0.0022)
460,14,20,128,1024,0.0,0.9333333333333333,tensor(0.9975),tensor(0.0475),tensor(0.0205),tensor(0.0028)
461,14,20,128,1024,0.0,0.95,tensor(0.9986),tensor(5.2982),tensor(2.2545),tensor(1.2268)
462,14,20,128,1024,0.0,0.9666666666666667,tensor(0.9994),tensor(8.2081),tensor(3.4339),tensor(0.8273)
463,14,20,128,1024,0.0,0.9833333333333334,tensor(0.9999),tensor(1.8557),tensor(0.7632),tensor(0.0778)
464,14,20,128,1024,0.0,1.0,tensor(1.0000),tensor(3.0519),tensor(1.2339),tensor(1.8649)
465,15,20,128,1024,0.0,0.5,tensor(0.7489),tensor(0.0006),tensor(0.0003),tensor(0.0004)
466,15,20,128,1024,0.0,0.5166666666666667,tensor(0.7670),tensor(0.0005),tensor(0.0003),tensor(0.0003)
467,15,20,128,1024,0.0,0.5333333333333333,tensor(0.7847),tensor(0.0007),tensor(0.0004),tensor(0.0004)
468,15,20,128,1024,0.0,0.55,tensor(0.8019),tensor(0.0007),tensor(0.0004),tensor(0.0004)
469,15,20,128,1024,0.0,0.5666666666666667,tensor(0.8184),tensor(0.0008),tensor(0.0005),tensor(0.0004)
470,15,20,128,1024,0.0,0.5833333333333334,tensor(0.8343),tensor(0.0008),tensor(0.0005),tensor(0.0004)
471,15,20,128,1024,0.0,0.6,tensor(0.8494),tensor(0.0009),tensor(0.0005),tensor(0.0005)
472,15,20,128,1024,0.0,0.6166666666666667,tensor(0.8639),tensor(0.0009),tensor(0.0005),tensor(0.0005)
473,15,20,128,1024,0.0,0.6333333333333333,tensor(0.8775),tensor(0.0008),tensor(0.0004),tensor(0.0004)
474,15,20,128,1024,0.0,0.65,tensor(0.8904),tensor(0.0007),tensor(0.0004),tensor(0.0003)
475,15,20,128,1024,0.0,0.6666666666666666,tensor(0.9025),tensor(0.0010),tensor(0.0006),tensor(0.0004)
476,15,20,128,1024,0.0,0.6833333333333333,tensor(0.9138),tensor(0.0015),tensor(0.0008),tensor(0.0006)
477,15,20,128,1024,0.0,0.7,tensor(0.9244),tensor(0.0017),tensor(0.0009),tensor(0.0006)
478,15,20,128,1024,0.0,0.7166666666666667,tensor(0.9341),tensor(0.0018),tensor(0.0009),tensor(0.0006)
479,15,20,128,1024,0.0,0.7333333333333334,tensor(0.9431),tensor(0.0018),tensor(0.0010),tensor(0.0006)
480,15,20,128,1024,0.0,0.75,tensor(0.9513),tensor(0.0022),tensor(0.0011),tensor(0.0006)
481,15,20,128,1024,0.0,0.7666666666666666,tensor(0.9586),tensor(0.0029),tensor(0.0015),tensor(0.0008)
482,15,20,128,1024,0.0,0.7833333333333333,tensor(0.9653),tensor(0.0038),tensor(0.0019),tensor(0.0009)
483,15,20,128,1024,0.0,0.8,tensor(0.9712),tensor(0.0043),tensor(0.0021),tensor(0.0009)
484,15,20,128,1024,0.0,0.8166666666666667,tensor(0.9765),tensor(0.0054),tensor(0.0026),tensor(0.0010)
485,15,20,128,1024,0.0,0.8333333333333333,tensor(0.9811),tensor(0.0066),tensor(0.0032),tensor(0.0011)
486,15,20,128,1024,0.0,0.85,tensor(0.9852),tensor(0.0081),tensor(0.0038),tensor(0.0013)
487,15,20,128,1024,0.0,0.8666666666666667,tensor(0.9886),tensor(0.0105),tensor(0.0049),tensor(0.0014)
488,15,20,128,1024,0.0,0.8833333333333333,tensor(0.9915),tensor(0.0130),tensor(0.0059),tensor(0.0015)
489,15,20,128,1024,0.0,0.9,tensor(0.9940),tensor(0.0195),tensor(0.0087),tensor(0.0019)
490,15,20,128,1024,0.0,0.9166666666666667,tensor(0.9959),tensor(3.0889),tensor(1.3595),tensor(0.8515)
491,15,20,128,1024,0.0,0.9333333333333333,tensor(0.9975),tensor(0.8284),tensor(0.3585),tensor(0.1030)
492,15,20,128,1024,0.0,0.95,tensor(0.9986),tensor(5.1658),tensor(2.1982),tensor(0.8884)
493,15,20,128,1024,0.0,0.9666666666666667,tensor(0.9994),tensor(12.8083),tensor(5.3584),tensor(0.7147)
494,15,20,128,1024,0.0,0.9833333333333334,tensor(0.9999),tensor(3.2655),tensor(1.3431),tensor(0.2157)
495,15,20,128,1024,0.0,1.0,tensor(1.0000),tensor(2.7524),tensor(1.1128),tensor(0.9874)
496,16,20,128,1024,0.0,0.5,tensor(0.7489),tensor(0.0005),tensor(0.0003),tensor(0.0003)
497,16,20,128,1024,0.0,0.5166666666666667,tensor(0.7670),tensor(0.0005),tensor(0.0003),tensor(0.0003)
498,16,20,128,1024,0.0,0.5333333333333333,tensor(0.7847),tensor(0.0005),tensor(0.0003),tensor(0.0003)
499,16,20,128,1024,0.0,0.55,tensor(0.8019),tensor(0.0006),tensor(0.0003),tensor(0.0003)
500,16,20,128,1024,0.0,0.5666666666666667,tensor(0.8184),tensor(0.0006),tensor(0.0004),tensor(0.0004)
501,16,20,128,1024,0.0,0.5833333333333334,tensor(0.8343),tensor(0.0008),tensor(0.0004),tensor(0.0004)
502,16,20,128,1024,0.0,0.6,tensor(0.8494),tensor(0.0008),tensor(0.0005),tensor(0.0004)
503,16,20,128,1024,0.0,0.6166666666666667,tensor(0.8639),tensor(0.0008),tensor(0.0004),tensor(0.0004)
504,16,20,128,1024,0.0,0.6333333333333333,tensor(0.8775),tensor(0.0008),tensor(0.0004),tensor(0.0003)
505,16,20,128,1024,0.0,0.65,tensor(0.8904),tensor(0.0010),tensor(0.0005),tensor(0.0004)
506,16,20,128,1024,0.0,0.6666666666666666,tensor(0.9025),tensor(0.0011),tensor(0.0006),tensor(0.0004)
507,16,20,128,1024,0.0,0.6833333333333333,tensor(0.9138),tensor(0.0013),tensor(0.0007),tensor(0.0005)
508,16,20,128,1024,0.0,0.7,tensor(0.9244),tensor(0.0013),tensor(0.0007),tensor(0.0004)
509,16,20,128,1024,0.0,0.7166666666666667,tensor(0.9341),tensor(0.0016),tensor(0.0009),tensor(0.0005)
510,16,20,128,1024,0.0,0.7333333333333334,tensor(0.9431),tensor(0.0018),tensor(0.0010),tensor(0.0006)
511,16,20,128,1024,0.0,0.75,tensor(0.9513),tensor(0.0021),tensor(0.0011),tensor(0.0006)
512,16,20,128,1024,0.0,0.7666666666666666,tensor(0.9586),tensor(0.0022),tensor(0.0011),tensor(0.0006)
513,16,20,128,1024,0.0,0.7833333333333333,tensor(0.9653),tensor(0.3993),tensor(0.1995),tensor(0.1013)
514,16,20,128,1024,0.0,0.8,tensor(0.9712),tensor(0.0038),tensor(0.0019),tensor(0.0008)
515,16,20,128,1024,0.0,0.8166666666666667,tensor(0.9765),tensor(0.0033),tensor(0.0016),tensor(0.0007)
516,16,20,128,1024,0.0,0.8333333333333333,tensor(0.9811),tensor(0.3266),tensor(0.1559),tensor(0.0551)
517,16,20,128,1024,0.0,0.85,tensor(0.9852),tensor(0.3919),tensor(0.1842),tensor(0.0639)
518,16,20,128,1024,0.0,0.8666666666666667,tensor(0.9886),tensor(0.0072),tensor(0.0033),tensor(0.0010)
519,16,20,128,1024,0.0,0.8833333333333333,tensor(0.9915),tensor(0.0130),tensor(0.0059),tensor(0.0015)
520,16,20,128,1024,0.0,0.9,tensor(0.9940),tensor(0.4149),tensor(0.1857),tensor(0.0427)
521,16,20,128,1024,0.0,0.9166666666666667,tensor(0.9959),tensor(0.4766),tensor(0.2098),tensor(0.0392)
522,16,20,128,1024,0.0,0.9333333333333333,tensor(0.9975),tensor(0.0311),tensor(0.0135),tensor(0.0022)
523,16,20,128,1024,0.0,0.95,tensor(0.9986),tensor(0.0646),tensor(0.0275),tensor(0.0031)
524,16,20,128,1024,0.0,0.9666666666666667,tensor(0.9994),tensor(3.7372),tensor(1.5634),tensor(0.7810)
525,16,20,128,1024,0.0,0.9833333333333334,tensor(0.9999),tensor(1.6087),tensor(0.6616),tensor(0.0240)
526,16,20,128,1024,0.0,1.0,tensor(1.0000),tensor(2.9849),tensor(1.2068),tensor(0.4664)
527,17,20,128,1024,0.0,0.5,tensor(0.7489),tensor(0.0005),tensor(0.0003),tensor(0.0003)
528,17,20,128,1024,0.0,0.5166666666666667,tensor(0.7670),tensor(0.0007),tensor(0.0004),tensor(0.0004)
529,17,20,128,1024,0.0,0.5333333333333333,tensor(0.7847),tensor(0.0007),tensor(0.0004),tensor(0.0004)
530,17,20,128,1024,0.0,0.55,tensor(0.8019),tensor(0.0006),tensor(0.0004),tensor(0.0004)
531,17,20,128,1024,0.0,0.5666666666666667,tensor(0.8184),tensor(0.0008),tensor(0.0005),tensor(0.0004)
532,17,20,128,1024,0.0,0.5833333333333334,tensor(0.8343),tensor(0.0008),tensor(0.0005),tensor(0.0004)
533,17,20,128,1024,0.0,0.6,tensor(0.8494),tensor(0.0009),tensor(0.0005),tensor(0.0004)
534,17,20,128,1024,0.0,0.6166666666666667,tensor(0.8639),tensor(0.0010),tensor(0.0006),tensor(0.0004)
535,17,20,128,1024,0.0,0.6333333333333333,tensor(0.8775),tensor(0.0011),tensor(0.0006),tensor(0.0004)
536,17,20,128,1024,0.0,0.65,tensor(0.8904),tensor(0.0012),tensor(0.0007),tensor(0.0004)
537,17,20,128,1024,0.0,0.6666666666666666,tensor(0.9025),tensor(0.0013),tensor(0.0007),tensor(0.0005)
538,17,20,128,1024,0.0,0.6833333333333333,tensor(0.9138),tensor(0.0015),tensor(0.0008),tensor(0.0005)
539,17,20,128,1024,0.0,0.7,tensor(0.9244),tensor(0.0018),tensor(0.0010),tensor(0.0006)
540,17,20,128,1024,0.0,0.7166666666666667,tensor(0.9341),tensor(0.0018),tensor(0.0010),tensor(0.0005)
541,17,20,128,1024,0.0,0.7333333333333334,tensor(0.9431),tensor(0.0021),tensor(0.0011),tensor(0.0006)
542,17,20,128,1024,0.0,0.75,tensor(0.9513),tensor(0.0026),tensor(0.0013),tensor(0.0006)
543,17,20,128,1024,0.0,0.7666666666666666,tensor(0.9586),tensor(0.0032),tensor(0.0016),tensor(0.0007)
544,17,20,128,1024,0.0,0.7833333333333333,tensor(0.9653),tensor(0.1533),tensor(0.0766),tensor(0.1084)
545,17,20,128,1024,0.0,0.8,tensor(0.9712),tensor(0.0043),tensor(0.0021),tensor(0.0008)
546,17,20,128,1024,0.0,0.8166666666666667,tensor(0.9765),tensor(0.1325),tensor(0.0642),tensor(0.0877)
547,17,20,128,1024,0.0,0.8333333333333333,tensor(0.9811),tensor(0.0064),tensor(0.0030),tensor(0.0010)
548,17,20,128,1024,0.0,0.85,tensor(0.9852),tensor(0.0056),tensor(0.0026),tensor(0.0009)
549,17,20,128,1024,0.0,0.8666666666666667,tensor(0.9886),tensor(0.3503),tensor(0.1620),tensor(0.1374)
550,17,20,128,1024,0.0,0.8833333333333333,tensor(0.9915),tensor(0.0160),tensor(0.0073),tensor(0.0015)
551,17,20,128,1024,0.0,0.9,tensor(0.9940),tensor(0.0172),tensor(0.0077),tensor(0.0017)
552,17,20,128,1024,0.0,0.9166666666666667,tensor(0.9959),tensor(0.5018),tensor(0.2209),tensor(0.1253)
553,17,20,128,1024,0.0,0.9333333333333333,tensor(0.9975),tensor(0.5668),tensor(0.2453),tensor(0.1274)
554,17,20,128,1024,0.0,0.95,tensor(0.9986),tensor(3.2056),tensor(1.3641),tensor(0.6405)
555,17,20,128,1024,0.0,0.9666666666666667,tensor(0.9994),tensor(0.1707),tensor(0.0714),tensor(0.0051)
556,17,20,128,1024,0.0,0.9833333333333334,tensor(0.9999),tensor(1.9447),tensor(0.7998),tensor(0.1659)
557,17,20,128,1024,0.0,1.0,tensor(1.0000),tensor(2.4986),tensor(1.0102),tensor(0.7115)
558,18,20,128,1024,0.0,0.5,tensor(0.7489),tensor(0.0005),tensor(0.0003),tensor(0.0003)
559,18,20,128,1024,0.0,0.5166666666666667,tensor(0.7670),tensor(0.0005),tensor(0.0003),tensor(0.0003)
560,18,20,128,1024,0.0,0.5333333333333333,tensor(0.7847),tensor(0.0007),tensor(0.0004),tensor(0.0004)
561,18,20,128,1024,0.0,0.55,tensor(0.8019),tensor(0.0007),tensor(0.0004),tensor(0.0004)
562,18,20,128,1024,0.0,0.5666666666666667,tensor(0.8184),tensor(0.0008),tensor(0.0005),tensor(0.0004)
563,18,20,128,1024,0.0,0.5833333333333334,tensor(0.8343),tensor(0.0008),tensor(0.0004),tensor(0.0004)
564,18,20,128,1024,0.0,0.6,tensor(0.8494),tensor(0.0008),tensor(0.0004),tensor(0.0004)
565,18,20,128,1024,0.0,0.6166666666666667,tensor(0.8639),tensor(0.0011),tensor(0.0006),tensor(0.0005)
566,18,20,128,1024,0.0,0.6333333333333333,tensor(0.8775),tensor(0.0013),tensor(0.0007),tensor(0.0005)
567,18,20,128,1024,0.0,0.65,tensor(0.8904),tensor(0.0011),tensor(0.0006),tensor(0.0004)
568,18,20,128,1024,0.0,0.6666666666666666,tensor(0.9025),tensor(0.0012),tensor(0.0006),tensor(0.0004)
569,18,20,128,1024,0.0,0.6833333333333333,tensor(0.9138),tensor(0.0014),tensor(0.0008),tensor(0.0005)
570,18,20,128,1024,0.0,0.7,tensor(0.9244),tensor(0.0018),tensor(0.0010),tensor(0.0006)
571,18,20,128,1024,0.0,0.7166666666666667,tensor(0.9341),tensor(0.0020),tensor(0.0011),tensor(0.0007)
572,18,20,128,1024,0.0,0.7333333333333334,tensor(0.9431),tensor(0.0023),tensor(0.0012),tensor(0.0007)
573,18,20,128,1024,0.0,0.75,tensor(0.9513),tensor(0.0026),tensor(0.0014),tensor(0.0007)
574,18,20,128,1024,0.0,0.7666666666666666,tensor(0.9586),tensor(0.0028),tensor(0.0014),tensor(0.0007)
575,18,20,128,1024,0.0,0.7833333333333333,tensor(0.9653),tensor(0.0032),tensor(0.0016),tensor(0.0007)
576,18,20,128,1024,0.0,0.8,tensor(0.9712),tensor(0.0044),tensor(0.0022),tensor(0.0009)
577,18,20,128,1024,0.0,0.8166666666666667,tensor(0.9765),tensor(0.0053),tensor(0.0026),tensor(0.0009)
578,18,20,128,1024,0.0,0.8333333333333333,tensor(0.9811),tensor(0.0061),tensor(0.0029),tensor(0.0010)
579,18,20,128,1024,0.0,0.85,tensor(0.9852),tensor(4.3930),tensor(2.0647),tensor(1.5788)
580,18,20,128,1024,0.0,0.8666666666666667,tensor(0.9886),tensor(0.0089),tensor(0.0041),tensor(0.0012)
581,18,20,128,1024,0.0,0.8833333333333333,tensor(0.9915),tensor(5.8451),tensor(2.6595),tensor(1.7619)
582,18,20,128,1024,0.0,0.9,tensor(0.9940),tensor(2.1086),tensor(0.9437),tensor(0.6867)
583,18,20,128,1024,0.0,0.9166666666666667,tensor(0.9959),tensor(0.0277),tensor(0.0122),tensor(0.0021)
584,18,20,128,1024,0.0,0.9333333333333333,tensor(0.9975),tensor(0.0349),tensor(0.0151),tensor(0.0021)
585,18,20,128,1024,0.0,0.95,tensor(0.9986),tensor(15.9769),tensor(6.7986),tensor(2.1204)
586,18,20,128,1024,0.0,0.9666666666666667,tensor(0.9994),tensor(0.1745),tensor(0.0730),tensor(0.0047)
587,18,20,128,1024,0.0,0.9833333333333334,tensor(0.9999),tensor(29.2844),tensor(12.0441),tensor(1.8803)
588,18,20,128,1024,0.0,1.0,tensor(1.0000),tensor(2.6055),tensor(1.0535),tensor(0.6242)
589,19,20,128,1024,0.0,0.5,tensor(0.7489),tensor(0.0005),tensor(0.0003),tensor(0.0003)
590,19,20,128,1024,0.0,0.5166666666666667,tensor(0.7670),tensor(1.6110),tensor(0.9203),tensor(1.2082)
591,19,20,128,1024,0.0,0.5333333333333333,tensor(0.7847),tensor(0.0004),tensor(0.0003),tensor(0.0003)
592,19,20,128,1024,0.0,0.55,tensor(0.8019),tensor(0.0006),tensor(0.0004),tensor(0.0003)
593,19,20,128,1024,0.0,0.5666666666666667,tensor(0.8184),tensor(0.0006),tensor(0.0003),tensor(0.0003)
594,19,20,128,1024,0.0,0.5833333333333334,tensor(0.8343),tensor(0.0008),tensor(0.0005),tensor(0.0004)
595,19,20,128,1024,0.0,0.6,tensor(0.8494),tensor(0.0007),tensor(0.0004),tensor(0.0003)
596,19,20,128,1024,0.0,0.6166666666666667,tensor(0.8639),tensor(0.0010),tensor(0.0005),tensor(0.0004)
597,19,20,128,1024,0.0,0.6333333333333333,tensor(0.8775),tensor(0.0008),tensor(0.0005),tensor(0.0003)
598,19,20,128,1024,0.0,0.65,tensor(0.8904),tensor(0.0009),tensor(0.0005),tensor(0.0004)
599,19,20,128,1024,0.0,0.6666666666666666,tensor(0.9025),tensor(0.0012),tensor(0.0007),tensor(0.0004)
600,19,20,128,1024,0.0,0.6833333333333333,tensor(0.9138),tensor(0.7291),tensor(0.3932),tensor(0.4244)
601,19,20,128,1024,0.0,0.7,tensor(0.9244),tensor(0.6160),tensor(0.3286),tensor(0.4270)
602,19,20,128,1024,0.0,0.7166666666666667,tensor(0.9341),tensor(0.0019),tensor(0.0010),tensor(0.0006)
603,19,20,128,1024,0.0,0.7333333333333334,tensor(0.9431),tensor(0.8306),tensor(0.4324),tensor(0.4454)
604,19,20,128,1024,0.0,0.75,tensor(0.9513),tensor(0.0023),tensor(0.0012),tensor(0.0006)
605,19,20,128,1024,0.0,0.7666666666666666,tensor(0.9586),tensor(0.1736),tensor(0.0880),tensor(0.0402)
606,19,20,128,1024,0.0,0.7833333333333333,tensor(0.9653),tensor(1.0686),tensor(0.5339),tensor(0.4768)
607,19,20,128,1024,0.0,0.8,tensor(0.9712),tensor(1.0349),tensor(0.5095),tensor(0.4784)
608,19,20,128,1024,0.0,0.8166666666666667,tensor(0.9765),tensor(4.6155),tensor(2.2383),tensor(1.6403)
609,19,20,128,1024,0.0,0.8333333333333333,tensor(0.9811),tensor(4.3398),tensor(2.0723),tensor(1.6443)
610,19,20,128,1024,0.0,0.85,tensor(0.9852),tensor(1.4569),tensor(0.6847),tensor(0.5059)
611,19,20,128,1024,0.0,0.8666666666666667,tensor(0.9886),tensor(0.0095),tensor(0.0044),tensor(0.0011)
612,19,20,128,1024,0.0,0.8833333333333333,tensor(0.9915),tensor(7.9782),tensor(3.6302),tensor(1.7861)
613,19,20,128,1024,0.0,0.9,tensor(0.9940),tensor(3.2258),tensor(1.4437),tensor(0.8260)
614,19,20,128,1024,0.0,0.9166666666666667,tensor(0.9959),tensor(0.0223),tensor(0.0098),tensor(0.0015)
615,19,20,128,1024,0.0,0.9333333333333333,tensor(0.9975),tensor(0.4133),tensor(0.1789),tensor(0.0248)
616,19,20,128,1024,0.0,0.95,tensor(0.9986),tensor(4.6351),tensor(1.9724),tensor(0.5638)
617,19,20,128,1024,0.0,0.9666666666666667,tensor(0.9994),tensor(7.4207),tensor(3.1044),tensor(0.5771)
618,19,20,128,1024,0.0,0.9833333333333334,tensor(0.9999),tensor(0.9582),tensor(0.3941),tensor(0.0369)
619,19,20,128,1024,0.0,1.0,tensor(1.0000),tensor(2.3887),tensor(0.9658),tensor(0.9733)
